id_pendaftaran,id_mhs,id_ta,jalur_masuk,tanggal_daftar,status_diterima
1,1,5,SNBT,2022-07-20,True
2,2,7,SNBT,2023-07-22,True
3,3,3,Mandiri,2021-07-06,True
4,4,3,SNBP,2021-07-17,True
5,5,3,SNBT,2021-07-14,True
6,6,1,SNBT,2020-07-12,True
7,7,1,Beasiswa,2020-08-22,True
8,8,1,SNBP,2020-07-10,True
9,9,5,SNBP,2022-08-09,True
10,10,7,SNBP,2023-08-07,True
11,11,7,Mandiri,2023-07-15,True
12,12,10,Mandiri,2019-07-12,True
13,13,3,SNBP,2021-08-11,True
14,14,7,SNBP,2023-07-01,True
15,15,6,Mandiri,2018-07-13,True
16,16,6,SNBP,2019-08-16,True
17,17,5,SNBP,2022-07-14,True
18,18,1,SNBP,2020-08-01,True
19,19,3,Mandiri,2018-08-08,True
20,20,8,SNBT,2018-08-12,True
21,21,7,Mandiri,2019-08-04,True
22,22,3,Beasiswa,2021-08-06,True
23,23,3,SNBT,2019-08-01,True
24,24,5,SNBT,2022-07-04,True
25,25,1,SNBP,2020-07-05,True
26,26,7,SNBT,2019-08-02,True
27,27,5,SNBP,2022-07-16,True
28,28,7,Beasiswa,2023-08-04,True
29,29,7,SNBT,2023-08-26,True
30,30,1,SNBT,2020-07-11,True
31,31,1,Mandiri,2020-08-17,True
32,32,3,Mandiri,2021-08-05,True
33,33,5,SNBP,2022-07-26,True
34,34,3,SNBP,2021-07-12,True
35,35,7,SNBT,2023-07-02,True
36,36,5,SNBT,2022-08-14,True
37,37,7,Beasiswa,2023-07-14,True
38,38,1,SNBT,2020-08-16,True
39,39,7,SNBP,2023-08-08,True
40,40,3,SNBT,2021-07-08,True
41,41,5,Mandiri,2018-08-23,True
42,42,7,SNBP,2023-08-07,True
43,43,1,SNBT,2020-07-23,True
44,44,7,Mandiri,2023-07-07,True
45,45,10,SNBT,2018-07-08,True
46,46,3,SNBP,2021-08-02,True
47,47,5,Beasiswa,2019-07-14,True
48,48,7,SNBP,2023-07-03,True
49,49,5,Mandiri,2022-08-14,True
50,50,5,SNBT,2022-07-08,True
51,51,1,SNBT,2020-08-02,True
52,52,9,SNBT,2019-07-10,True
53,53,1,SNBP,2020-08-09,True
54,54,3,Mandiri,2021-08-08,True
55,55,3,SNBT,2021-07-06,True
56,56,3,SNBP,2021-07-22,True
57,57,7,Mandiri,2023-07-10,True
58,58,1,SNBT,2020-07-14,True
59,59,3,SNBP,2019-08-12,True
60,60,3,SNBT,2021-07-04,True
61,61,1,SNBT,2018-07-11,True
62,62,3,SNBT,2021-08-24,True
63,63,3,Mandiri,2021-08-08,True
64,64,7,SNBT,2023-07-19,True
65,65,7,SNBP,2018-07-05,True
66,66,7,SNBT,2023-07-02,True
67,67,3,SNBT,2021-07-07,True
68,68,7,Mandiri,2023-07-03,True
69,69,9,SNBT,2018-08-24,True
70,70,8,Beasiswa,2019-07-18,True
71,71,7,Mandiri,2023-07-05,True
72,72,3,SNBP,2021-08-25,True
73,73,1,Mandiri,2020-08-12,True
74,74,5,SNBT,2022-07-14,True
75,75,7,SNBP,2023-08-17,True
76,76,9,Mandiri,2019-07-20,True
77,77,5,SNBP,2022-07-10,True
78,78,5,SNBP,2022-07-26,True
79,79,3,Beasiswa,2021-07-24,True
80,80,7,Mandiri,2023-08-22,True
81,81,7,SNBT,2023-07-06,True
82,82,1,SNBT,2020-08-18,True
83,83,3,Mandiri,2021-08-20,True
84,84,5,SNBP,2022-07-01,True
85,85,5,SNBP,2022-07-19,True
86,86,1,Mandiri,2019-08-17,True
87,87,5,Mandiri,2022-08-10,True
88,88,4,SNBP,2018-08-18,True
89,89,2,SNBP,2018-07-18,True
90,90,5,SNBP,2022-07-21,True
91,91,3,Mandiri,2019-08-05,True
92,92,5,Mandiri,2019-07-21,True
93,93,4,Beasiswa,2019-07-18,True
94,94,5,SNBP,2022-08-21,True
95,95,1,SNBT,2020-08-11,True
96,96,1,SNBP,2020-08-24,True
97,97,3,SNBP,2021-08-11,True
98,98,1,Beasiswa,2020-07-27,True
99,99,3,SNBT,2021-08-06,True
100,100,7,SNBP,2023-07-18,True
101,101,1,SNBT,2020-07-24,True
102,102,1,Mandiri,2020-08-21,True
103,103,5,Mandiri,2018-07-27,True
104,104,8,SNBP,2019-08-07,True
105,105,3,SNBT,2021-08-05,True
106,106,1,SNBT,2020-08-12,True
107,107,7,SNBP,2023-08-03,True
108,108,8,SNBP,2018-07-27,True
109,109,5,Mandiri,2022-07-19,True
110,110,1,SNBT,2020-07-21,True
111,111,5,SNBP,2018-07-06,True
112,112,7,SNBT,2019-07-03,True
113,113,7,SNBP,2023-08-08,True
114,114,8,Mandiri,2019-08-04,True
115,115,7,Mandiri,2023-07-24,True
116,116,1,Mandiri,2020-07-20,True
117,117,7,SNBP,2023-08-01,True
118,118,2,Mandiri,2019-07-05,True
119,119,4,Mandiri,2019-08-05,True
120,120,10,SNBP,2019-07-26,True
121,121,2,SNBT,2018-08-28,True
122,122,1,Mandiri,2020-07-05,True
123,123,8,Mandiri,2018-08-27,True
124,124,7,SNBP,2023-08-16,True
125,125,3,SNBP,2021-07-18,True
126,126,5,SNBT,2019-07-01,True
127,127,5,Mandiri,2022-07-18,True
128,128,5,SNBP,2019-08-05,True
129,129,7,SNBP,2023-07-01,True
130,130,3,SNBP,2021-08-05,True
131,131,7,SNBT,2023-08-08,True
132,132,3,Mandiri,2021-08-22,True
133,133,1,Mandiri,2020-07-16,True
134,134,7,SNBP,2023-07-08,True
135,135,3,SNBP,2021-08-12,True
136,136,1,SNBP,2020-08-04,True
137,137,1,SNBT,2020-07-02,True
138,138,3,SNBT,2021-07-14,True
139,139,1,SNBT,2020-07-22,True
140,140,5,SNBT,2022-08-20,True
141,141,1,Mandiri,2020-08-04,True
142,142,5,Mandiri,2019-08-09,True
143,143,7,Mandiri,2023-07-26,True
144,144,1,SNBP,2020-07-25,True
145,145,3,SNBT,2019-08-15,True
146,146,5,Mandiri,2022-08-27,True
147,147,5,SNBP,2022-08-24,True
148,148,7,SNBP,2023-07-11,True
149,149,3,Beasiswa,2021-07-25,True
150,150,1,SNBT,2020-08-16,True
151,151,1,SNBT,2020-08-20,True
152,152,1,Mandiri,2020-08-05,True
153,153,7,Mandiri,2023-07-13,True
154,154,3,SNBT,2021-08-18,True
155,155,9,SNBT,2018-07-13,True
156,156,2,SNBT,2018-08-17,True
157,157,10,Mandiri,2019-07-23,True
158,158,7,SNBP,2023-08-01,True
159,159,4,Beasiswa,2018-07-12,True
160,160,3,SNBT,2021-07-04,True
161,161,3,SNBP,2021-08-12,True
162,162,7,Mandiri,2023-07-10,True
163,163,8,SNBP,2018-08-08,True
164,164,5,SNBP,2022-07-02,True
165,165,5,Mandiri,2022-07-23,True
166,166,1,Mandiri,2020-08-24,True
167,167,7,SNBP,2023-08-12,True
168,168,1,Mandiri,2018-07-16,True
169,169,7,Mandiri,2023-07-01,True
170,170,7,SNBP,2023-07-03,True
171,171,4,SNBP,2019-08-05,True
172,172,1,Mandiri,2020-08-24,True
173,173,1,SNBP,2020-08-16,True
174,174,3,SNBT,2021-08-15,True
175,175,1,Mandiri,2020-07-10,True
176,176,5,SNBP,2022-07-21,True
177,177,7,SNBP,2023-07-17,True
178,178,3,SNBP,2019-08-22,True
179,179,1,Mandiri,2020-08-18,True
180,180,7,Mandiri,2023-08-19,True
181,181,9,SNBT,2018-07-14,True
182,182,3,Mandiri,2021-08-03,True
183,183,3,SNBT,2021-07-24,True
184,184,7,SNBP,2023-07-08,True
185,185,3,SNBT,2021-07-27,True
186,186,8,SNBT,2019-08-27,True
187,187,7,SNBP,2019-08-21,True
188,188,7,SNBT,2023-08-04,True
189,189,5,SNBP,2022-08-20,True
190,190,1,Mandiri,2020-08-01,True
191,191,4,SNBP,2018-07-03,True
192,192,5,SNBP,2022-07-25,True
193,193,5,Mandiri,2022-07-18,True
194,194,1,SNBP,2020-07-08,True
195,195,5,SNBP,2022-07-19,True
196,196,8,SNBP,2018-08-03,True
197,197,1,Mandiri,2020-07-12,True
198,198,5,Beasiswa,2019-07-11,True
199,199,5,Mandiri,2022-08-05,True
200,200,5,Mandiri,2022-07-11,True
201,201,7,SNBT,2023-07-17,True
202,202,3,Mandiri,2021-07-01,True
203,203,1,SNBT,2020-08-16,True
204,204,3,SNBT,2021-07-10,True
205,205,7,SNBP,2023-08-03,True
206,206,5,Mandiri,2022-07-23,True
207,207,1,SNBP,2020-07-26,True
208,208,5,SNBT,2022-07-25,True
209,209,3,Beasiswa,2019-08-15,True
210,210,3,Mandiri,2021-08-10,True
211,211,6,SNBT,2019-08-02,True
212,212,1,Mandiri,2020-08-08,True
213,213,3,SNBP,2021-07-05,True
214,214,1,SNBT,2020-08-04,True
215,215,5,Mandiri,2022-07-25,True
216,216,1,Mandiri,2020-07-16,True
217,217,2,SNBT,2018-07-10,True
218,218,3,SNBP,2021-08-19,True
219,219,6,SNBT,2019-07-06,True
220,220,5,Mandiri,2022-08-09,True
221,221,8,Beasiswa,2018-08-21,True
222,222,7,Mandiri,2023-07-19,True
223,223,7,SNBT,2023-08-28,True
224,224,7,SNBP,2023-08-28,True
225,225,5,SNBT,2022-07-15,True
226,226,3,SNBT,2021-08-12,True
227,227,7,SNBP,2023-08-17,True
228,228,5,SNBT,2022-07-20,True
229,229,1,Beasiswa,2020-07-24,True
230,230,7,Mandiri,2023-07-05,True
231,231,1,Mandiri,2020-08-13,True
232,232,7,SNBP,2023-08-28,True
233,233,1,SNBP,2020-08-28,True
234,234,8,SNBT,2019-08-15,True
235,235,3,SNBT,2021-08-04,True
236,236,5,SNBP,2022-07-13,True
237,237,7,SNBP,2019-08-03,True
238,238,6,SNBT,2018-08-07,True
239,239,8,SNBP,2018-08-02,True
240,240,1,SNBT,2020-08-05,True
241,241,5,SNBT,2022-08-19,True
242,242,3,SNBP,2021-08-02,True
243,243,1,Mandiri,2020-08-26,True
244,244,3,SNBT,2021-08-07,True
245,245,1,SNBP,2019-07-25,True
246,246,1,SNBT,2020-08-09,True
247,247,5,SNBT,2022-07-05,True
248,248,2,SNBP,2019-07-10,True
249,249,3,Mandiri,2021-08-28,True
250,250,1,SNBT,2020-07-22,True
251,251,1,Mandiri,2020-07-27,True
252,252,7,SNBP,2023-08-11,True
253,253,5,SNBP,2019-08-14,True
254,254,7,SNBT,2023-07-23,True
255,255,7,SNBT,2023-08-27,True
256,256,1,SNBT,2018-07-03,True
257,257,10,SNBT,2019-08-22,True
258,258,6,SNBP,2018-08-05,True
259,259,5,SNBT,2022-08-04,True
260,260,7,Mandiri,2023-08-09,True
261,261,5,SNBT,2022-07-15,True
262,262,5,Mandiri,2022-07-21,True
263,263,3,SNBT,2021-07-02,True
264,264,1,SNBP,2020-07-14,True
265,265,7,SNBT,2023-07-20,True
266,266,5,SNBT,2022-08-07,True
267,267,4,Beasiswa,2018-07-12,True
268,268,5,Mandiri,2022-07-10,True
269,269,5,SNBT,2019-07-23,True
270,270,7,SNBT,2023-08-14,True
271,271,7,SNBT,2019-08-17,True
272,272,6,SNBP,2019-07-15,True
273,273,7,SNBT,2019-07-18,True
274,274,5,SNBT,2022-08-28,True
275,275,7,SNBT,2019-07-03,True
276,276,7,Mandiri,2023-07-03,True
277,277,7,SNBT,2023-08-04,True
278,278,3,SNBT,2021-07-21,True
279,279,8,SNBT,2019-07-22,True
280,280,5,SNBP,2022-08-07,True
281,281,3,SNBP,2021-08-18,True
282,282,1,SNBT,2020-07-28,True
283,283,3,SNBT,2021-07-12,True
284,284,3,Beasiswa,2021-08-14,True
285,285,7,Mandiri,2023-08-01,True
286,286,7,Mandiri,2023-07-17,True
287,287,1,SNBP,2020-08-10,True
288,288,1,Mandiri,2020-08-22,True
289,289,4,SNBP,2019-08-02,True
290,290,1,SNBP,2018-08-27,True
291,291,1,Mandiri,2020-08-11,True
292,292,3,SNBP,2021-08-08,True
293,293,3,SNBT,2021-08-07,True
294,294,10,SNBT,2019-07-26,True
295,295,10,SNBT,2018-08-24,True
296,296,3,SNBT,2018-08-17,True
297,297,7,SNBP,2023-07-04,True
298,298,3,SNBT,2018-08-27,True
299,299,5,Mandiri,2022-08-27,True
300,300,9,SNBP,2019-08-07,True
301,301,3,SNBP,2021-07-14,True
302,302,7,SNBP,2023-07-01,True
303,303,10,Mandiri,2018-07-19,True
304,304,7,SNBT,2023-07-15,True
305,305,5,SNBT,2022-08-06,True
306,306,7,SNBP,2023-07-10,True
307,307,5,SNBP,2022-07-24,True
308,308,5,Mandiri,2022-08-25,True
309,309,5,SNBT,2019-08-03,True
310,310,3,Mandiri,2021-07-21,True
311,311,10,Mandiri,2018-07-15,True
312,312,1,Mandiri,2020-07-04,True
313,313,1,SNBP,2020-08-06,True
314,314,2,SNBP,2018-08-27,True
315,315,3,SNBP,2021-07-16,True
316,316,1,SNBT,2018-08-21,True
317,317,2,SNBP,2018-08-13,True
318,318,6,SNBT,2018-08-26,True
319,319,3,SNBP,2021-08-01,True
320,320,5,Mandiri,2022-07-04,True
321,321,1,Beasiswa,2020-08-16,True
322,322,1,Beasiswa,2020-07-06,True
323,323,9,Mandiri,2019-07-07,True
324,324,1,SNBT,2020-07-17,True
325,325,3,SNBT,2021-07-07,True
326,326,1,Mandiri,2020-07-07,True
327,327,1,SNBT,2019-07-03,True
328,328,5,Mandiri,2022-07-09,True
329,329,1,SNBP,2020-07-03,True
330,330,7,SNBT,2023-08-15,True
331,331,7,Mandiri,2023-08-14,True
332,332,7,SNBT,2023-08-07,True
333,333,7,SNBP,2023-07-22,True
334,334,5,Mandiri,2022-08-13,True
335,335,5,SNBP,2022-08-06,True
336,336,4,Beasiswa,2018-08-14,True
337,337,5,Mandiri,2022-08-20,True
338,338,5,Mandiri,2018-07-20,True
339,339,3,SNBT,2021-07-19,True
340,340,6,SNBT,2019-07-15,True
341,341,3,Mandiri,2018-08-19,True
342,342,3,SNBT,2021-08-13,True
343,343,1,SNBP,2020-07-26,True
344,344,1,SNBT,2020-07-12,True
345,345,4,SNBP,2019-08-12,True
346,346,7,SNBP,2023-08-04,True
347,347,3,SNBP,2021-07-23,True
348,348,3,SNBT,2021-08-19,True
349,349,5,Mandiri,2022-07-18,True
350,350,2,SNBT,2019-07-17,True
351,351,5,SNBP,2022-08-23,True
352,352,1,SNBT,2020-07-19,True
353,353,5,Mandiri,2022-08-22,True
354,354,7,SNBT,2019-08-07,True
355,355,3,SNBP,2021-08-16,True
356,356,3,SNBP,2021-08-14,True
357,357,1,SNBP,2020-08-06,True
358,358,10,SNBT,2019-08-08,True
359,359,3,SNBT,2021-08-01,True
360,360,10,Beasiswa,2018-08-10,True
361,361,3,Mandiri,2019-08-02,True
362,362,9,Mandiri,2018-07-11,True
363,363,7,SNBT,2023-07-16,True
364,364,7,SNBP,2023-08-24,True
365,365,1,SNBT,2020-08-25,True
366,366,7,SNBT,2023-07-18,True
367,367,6,SNBT,2019-07-13,True
368,368,5,SNBP,2022-08-16,True
369,369,7,Mandiri,2023-07-27,True
370,370,7,SNBT,2023-07-01,True
371,371,1,SNBP,2020-07-05,True
372,372,2,Beasiswa,2019-08-08,True
373,373,3,SNBP,2021-07-24,True
374,374,5,Mandiri,2022-08-27,True
375,375,1,Mandiri,2020-07-23,True
376,376,1,SNBP,2018-07-04,True
377,377,1,SNBP,2020-08-03,True
378,378,1,SNBP,2020-08-09,True
379,379,3,Mandiri,2019-08-04,True
380,380,7,SNBP,2023-07-25,True
381,381,1,SNBT,2020-08-21,True
382,382,3,SNBT,2021-07-17,True
383,383,7,SNBT,2023-08-22,True
384,384,8,Beasiswa,2019-08-25,True
385,385,8,SNBP,2018-08-25,True
386,386,5,Mandiri,2018-08-18,True
387,387,4,SNBT,2019-07-23,True
388,388,3,SNBP,2021-08-02,True
389,389,5,SNBP,2022-07-15,True
390,390,7,SNBP,2018-07-11,True
391,391,1,SNBP,2020-08-25,True
392,392,7,Mandiri,2023-08-21,True
393,393,5,SNBP,2022-07-05,True
394,394,4,Mandiri,2019-08-15,True
395,395,5,Mandiri,2022-07-25,True
396,396,5,SNBT,2022-07-09,True
397,397,3,SNBT,2021-08-28,True
398,398,10,SNBT,2018-07-15,True
399,399,3,Mandiri,2021-07-08,True
400,400,1,SNBP,2020-08-06,True
401,401,3,SNBP,2021-08-22,True
402,402,9,SNBT,2019-08-04,True
403,403,1,Mandiri,2020-07-12,True
404,404,7,SNBP,2019-08-17,True
405,405,1,SNBT,2020-08-02,True
406,406,8,SNBP,2018-07-02,True
407,407,3,SNBT,2021-08-07,True
408,408,1,SNBP,2020-08-06,True
409,409,10,SNBP,2019-08-17,True
410,410,3,SNBT,2021-07-21,True
411,411,4,Beasiswa,2019-07-04,True
412,412,1,Mandiri,2018-08-08,True
413,413,5,SNBP,2022-07-09,True
414,414,1,SNBP,2020-08-13,True
415,415,1,SNBT,2020-07-24,True
416,416,5,SNBT,2019-07-26,True
417,417,5,SNBP,2022-08-23,True
418,418,10,SNBP,2018-07-04,True
419,419,3,SNBT,2019-08-24,True
420,420,5,Mandiri,2018-07-06,True
421,421,3,SNBT,2021-07-06,True
422,422,3,SNBT,2018-08-05,True
423,423,1,Beasiswa,2020-08-14,True
424,424,3,SNBT,2021-07-09,True
425,425,2,SNBP,2019-07-20,True
426,426,5,SNBT,2022-08-19,True
427,427,1,SNBP,2020-07-16,True
428,428,2,SNBP,2019-07-19,True
429,429,5,SNBT,2022-08-27,True
430,430,4,SNBT,2018-07-25,True
431,431,3,SNBP,2021-07-04,True
432,432,5,Mandiri,2019-08-15,True
433,433,8,Mandiri,2018-08-22,True
434,434,8,SNBP,2018-08-01,True
435,435,5,Mandiri,2022-08-23,True
436,436,3,SNBT,2021-08-04,True
437,437,3,SNBP,2021-07-05,True
438,438,3,Beasiswa,2021-07-22,True
439,439,3,SNBT,2019-07-08,True
440,440,3,SNBT,2021-08-12,True
441,441,1,SNBP,2020-07-07,True
442,442,7,SNBT,2018-08-21,True
443,443,5,SNBT,2022-08-17,True
444,444,1,SNBP,2020-08-11,True
445,445,7,SNBT,2019-08-10,True
446,446,5,SNBP,2022-08-27,True
447,447,5,SNBT,2022-08-26,True
448,448,3,SNBT,2021-08-10,True
449,449,5,SNBP,2022-07-16,True
450,450,3,SNBT,2019-07-17,True
451,451,5,SNBT,2019-07-10,True
452,452,7,SNBT,2023-07-26,True
453,453,1,SNBP,2020-08-02,True
454,454,7,SNBP,2023-07-02,True
455,455,8,SNBT,2019-08-12,True
456,456,1,SNBP,2019-07-12,True
457,457,5,Mandiri,2019-07-03,True
458,458,5,SNBP,2019-07-14,True
459,459,7,SNBT,2023-07-10,True
460,460,3,SNBP,2021-08-12,True
461,461,1,SNBP,2020-08-14,True
462,462,7,Beasiswa,2019-07-09,True
463,463,5,SNBT,2018-07-19,True
464,464,3,SNBT,2021-08-26,True
465,465,10,SNBP,2018-07-09,True
466,466,5,SNBP,2022-07-10,True
467,467,7,SNBT,2023-08-19,True
468,468,8,SNBT,2019-08-26,True
469,469,7,Mandiri,2023-08-04,True
470,470,3,SNBP,2021-08-23,True
471,471,1,SNBT,2020-08-15,True
472,472,6,SNBT,2018-08-14,True
473,473,7,SNBT,2023-07-25,True
474,474,7,SNBP,2019-07-20,True
475,475,3,Mandiri,2021-07-19,True
476,476,9,SNBT,2019-08-02,True
477,477,5,Mandiri,2022-08-05,True
478,478,5,SNBT,2022-07-15,True
479,479,7,Mandiri,2023-08-27,True
480,480,1,SNBP,2018-08-27,True
481,481,2,SNBT,2019-07-27,True
482,482,7,SNBP,2023-08-23,True
483,483,6,Mandiri,2018-07-24,True
484,484,3,SNBT,2021-07-23,True
485,485,3,SNBP,2021-07-18,True
486,486,5,Mandiri,2022-08-05,True
487,487,1,SNBP,2020-07-10,True
488,488,5,Mandiri,2019-07-26,True
489,489,8,SNBT,2018-07-04,True
490,490,1,SNBP,2020-07-20,True
491,491,3,Mandiri,2021-07-08,True
492,492,1,SNBP,2020-08-01,True
493,493,3,Mandiri,2021-08-13,True
494,494,1,Mandiri,2018-08-13,True
495,495,8,Beasiswa,2019-07-27,True
496,496,9,SNBP,2018-08-28,True
497,497,3,SNBT,2021-07-14,True
498,498,3,SNBT,2019-07-05,True
499,499,7,Mandiri,2023-07-06,True
500,500,9,Mandiri,2019-07-16,True
501,501,7,SNBT,2023-08-22,True
502,502,3,SNBP,2021-08-12,True
503,503,5,SNBT,2022-08-13,True
504,504,3,SNBT,2021-07-15,True
505,505,7,SNBT,2023-08-05,True
506,506,7,SNBP,2023-08-04,True
507,507,1,SNBT,2020-07-19,True
508,508,1,SNBT,2020-08-02,True
509,509,6,Beasiswa,2019-08-24,True
510,510,7,SNBT,2023-07-06,True
511,511,1,SNBT,2020-07-12,True
512,512,1,Mandiri,2020-08-17,True
513,513,5,SNBP,2022-07-12,True
514,514,1,SNBT,2020-08-15,True
515,515,7,Mandiri,2023-07-09,True
516,516,5,Mandiri,2019-07-27,True
517,517,5,SNBT,2022-08-16,True
518,518,7,SNBT,2023-07-19,True
519,519,7,Mandiri,2023-08-05,True
520,520,6,SNBT,2019-08-19,True
521,521,1,SNBT,2020-08-03,True
522,522,7,SNBP,2023-07-08,True
523,523,2,SNBT,2019-08-22,True
524,524,5,SNBT,2022-07-25,True
525,525,3,Mandiri,2021-07-04,True
526,526,3,Mandiri,2018-08-25,True
527,527,7,Mandiri,2019-07-20,True
528,528,5,SNBP,2019-07-15,True
529,529,5,Mandiri,2022-07-06,True
530,530,3,SNBT,2021-08-13,True
531,531,3,Beasiswa,2019-07-07,True
532,532,5,SNBT,2018-08-08,True
533,533,5,SNBP,2022-07-14,True
534,534,7,Mandiri,2023-07-03,True
535,535,3,SNBT,2021-07-07,True
536,536,1,Mandiri,2019-07-12,True
537,537,1,Mandiri,2020-07-11,True
538,538,1,SNBP,2020-08-07,True
539,539,5,Mandiri,2022-08-17,True
540,540,6,SNBT,2019-07-26,True
541,541,1,SNBP,2020-08-21,True
542,542,7,Mandiri,2019-07-05,True
543,543,7,Mandiri,2023-08-04,True
544,544,2,SNBT,2018-07-20,True
545,545,3,SNBT,2021-07-08,True
546,546,7,Mandiri,2023-08-27,True
547,547,7,SNBP,2023-08-03,True
548,548,3,Mandiri,2021-07-10,True
549,549,3,SNBP,2021-07-28,True
550,550,9,Mandiri,2018-08-13,True
551,551,10,SNBP,2019-07-19,True
552,552,3,SNBT,2021-08-21,True
553,553,1,SNBP,2020-08-14,True
554,554,7,SNBP,2023-08-25,True
555,555,3,SNBP,2021-07-18,True
556,556,6,Mandiri,2019-07-08,True
557,557,3,SNBT,2021-07-12,True
558,558,1,Beasiswa,2020-08-20,True
559,559,10,Mandiri,2019-08-05,True
560,560,3,SNBP,2021-07-04,True
561,561,1,SNBT,2018-07-21,True
562,562,5,SNBT,2022-08-10,True
563,563,1,Mandiri,2020-07-01,True
564,564,7,Mandiri,2023-07-25,True
565,565,7,Mandiri,2023-07-18,True
566,566,5,SNBT,2022-08-22,True
567,567,3,SNBT,2021-07-18,True
568,568,5,SNBT,2022-08-25,True
569,569,3,SNBT,2021-07-14,True
570,570,7,Mandiri,2023-07-04,True
571,571,8,SNBP,2019-08-12,True
572,572,5,SNBP,2022-08-02,True
573,573,7,SNBP,2023-07-19,True
574,574,5,SNBP,2022-08-24,True
575,575,1,Mandiri,2020-07-26,True
576,576,3,SNBP,2021-07-27,True
577,577,1,SNBP,2019-07-15,True
578,578,7,SNBP,2023-07-11,True
579,579,7,SNBT,2023-07-10,True
580,580,7,SNBP,2023-08-16,True
581,581,2,SNBT,2018-07-09,True
582,582,9,SNBP,2019-08-28,True
583,583,4,SNBT,2019-08-12,True
584,584,7,Mandiri,2023-08-28,True
585,585,7,SNBT,2023-08-11,True
586,586,5,SNBT,2022-07-02,True
587,587,5,SNBT,2022-08-23,True
588,588,5,Beasiswa,2022-08-09,True
589,589,2,SNBP,2019-07-27,True
590,590,3,Beasiswa,2021-07-10,True
591,591,5,Mandiri,2022-07-04,True
592,592,6,Mandiri,2018-07-02,True
593,593,3,Beasiswa,2021-08-21,True
594,594,8,Beasiswa,2019-07-16,True
595,595,1,SNBP,2018-08-10,True
596,596,1,Mandiri,2020-07-02,True
597,597,5,SNBP,2022-08-16,True
598,598,1,Mandiri,2019-08-15,True
599,599,3,SNBP,2021-07-13,True
600,600,5,SNBP,2022-08-18,True
601,601,1,SNBP,2020-08-02,True
602,602,7,SNBT,2023-08-01,True
603,603,7,Mandiri,2023-08-27,True
604,604,7,Mandiri,2023-07-25,True
605,605,3,SNBP,2021-08-28,True
606,606,5,SNBT,2022-07-26,True
607,607,3,SNBP,2021-08-24,True
608,608,7,Mandiri,2023-08-28,True
609,609,7,Beasiswa,2023-08-14,True
610,610,10,Mandiri,2018-08-06,True
611,611,3,Beasiswa,2021-08-24,True
612,612,4,SNBP,2019-07-09,True
613,613,7,Mandiri,2023-08-03,True
614,614,4,Mandiri,2018-08-11,True
615,615,1,SNBT,2020-07-20,True
616,616,3,SNBP,2021-08-22,True
617,617,5,Mandiri,2018-07-04,True
618,618,7,SNBT,2023-08-27,True
619,619,5,Mandiri,2018-08-15,True
620,620,7,SNBP,2023-07-15,True
621,621,1,Beasiswa,2019-08-21,True
622,622,7,Mandiri,2023-07-14,True
623,623,3,SNBP,2021-07-09,True
624,624,1,Mandiri,2020-08-03,True
625,625,3,SNBT,2021-08-25,True
626,626,1,Mandiri,2020-08-28,True
627,627,7,SNBT,2023-07-21,True
628,628,5,SNBP,2022-07-08,True
629,629,5,SNBP,2022-07-06,True
630,630,3,SNBT,2021-08-19,True
631,631,5,SNBT,2022-07-02,True
632,632,7,Beasiswa,2023-08-09,True
633,633,1,SNBT,2019-08-18,True
634,634,7,Mandiri,2023-07-12,True
635,635,2,SNBP,2019-08-04,True
636,636,5,SNBT,2022-07-07,True
637,637,6,SNBT,2018-08-03,True
638,638,7,SNBT,2023-08-05,True
639,639,3,SNBP,2021-08-11,True
640,640,3,Beasiswa,2021-08-16,True
641,641,5,Mandiri,2022-08-20,True
642,642,1,SNBP,2019-07-10,True
643,643,3,Mandiri,2019-07-04,True
644,644,3,SNBT,2021-08-17,True
645,645,9,Mandiri,2019-08-07,True
646,646,7,Mandiri,2019-07-22,True
647,647,3,SNBT,2018-07-03,True
648,648,7,Beasiswa,2023-07-19,True
649,649,3,SNBT,2021-08-18,True
650,650,5,Mandiri,2022-07-20,True
651,651,3,SNBT,2021-08-11,True
652,652,5,SNBP,2019-08-08,True
653,653,5,SNBT,2022-08-08,True
654,654,5,SNBT,2022-07-23,True
655,655,3,SNBP,2021-08-12,True
656,656,3,SNBP,2021-07-12,True
657,657,3,SNBT,2021-07-15,True
658,658,5,Mandiri,2022-07-19,True
659,659,5,Mandiri,2022-07-18,True
660,660,7,SNBP,2023-08-22,True
661,661,3,SNBT,2021-07-20,True
662,662,5,SNBP,2022-08-11,True
663,663,5,SNBT,2022-07-14,True
664,664,1,SNBT,2020-07-19,True
665,665,7,SNBT,2023-07-06,True
666,666,8,SNBP,2018-07-14,True
667,667,5,Mandiri,2019-08-24,True
668,668,5,SNBP,2022-07-27,True
669,669,1,SNBT,2020-07-03,True
670,670,1,SNBP,2020-08-14,True
671,671,7,SNBT,2023-08-23,True
672,672,5,SNBT,2022-08-04,True
673,673,1,SNBT,2020-08-19,True
674,674,3,SNBT,2021-07-24,True
675,675,1,SNBP,2018-08-15,True
676,676,1,Mandiri,2020-08-24,True
677,677,5,Mandiri,2022-08-25,True
678,678,8,Mandiri,2018-07-24,True
679,679,5,Mandiri,2022-07-05,True
680,680,1,SNBT,2019-08-22,True
681,681,8,SNBT,2018-08-06,True
682,682,1,SNBT,2020-08-25,True
683,683,2,SNBP,2019-08-11,True
684,684,5,SNBP,2022-08-10,True
685,685,5,SNBT,2022-08-25,True
686,686,3,SNBP,2021-07-02,True
687,687,4,SNBT,2019-08-19,True
688,688,10,SNBT,2018-08-10,True
689,689,1,SNBP,2020-08-09,True
690,690,8,SNBT,2019-07-10,True
691,691,5,Mandiri,2022-08-20,True
692,692,1,Mandiri,2020-07-22,True
693,693,3,SNBP,2021-07-07,True
694,694,5,SNBT,2022-07-01,True
695,695,10,Mandiri,2019-07-01,True
696,696,8,Mandiri,2019-07-12,True
697,697,3,SNBP,2021-08-24,True
698,698,8,SNBT,2018-08-10,True
699,699,7,Mandiri,2023-07-15,True
700,700,3,Mandiri,2021-08-09,True
701,701,1,SNBP,2020-07-09,True
702,702,7,Mandiri,2023-07-12,True
703,703,7,Mandiri,2023-07-24,True
704,704,1,SNBP,2020-07-17,True
705,705,3,SNBT,2021-08-21,True
706,706,1,Mandiri,2020-07-23,True
707,707,6,Mandiri,2018-07-14,True
708,708,7,SNBP,2023-08-07,True
709,709,9,SNBT,2018-07-21,True
710,710,7,SNBT,2023-07-05,True
711,711,3,SNBT,2021-07-22,True
712,712,4,SNBP,2019-07-16,True
713,713,3,Mandiri,2019-08-05,True
714,714,4,SNBT,2018-07-17,True
715,715,5,Mandiri,2022-07-01,True
716,716,7,SNBP,2019-07-23,True
717,717,5,SNBP,2022-08-23,True
718,718,1,SNBP,2020-08-21,True
719,719,10,SNBP,2019-08-16,True
720,720,5,SNBT,2022-07-10,True
721,721,4,Mandiri,2018-08-16,True
722,722,7,SNBT,2018-08-10,True
723,723,3,SNBP,2021-07-25,True
724,724,5,SNBT,2018-08-11,True
725,725,4,SNBT,2019-07-06,True
726,726,3,SNBT,2021-08-22,True
727,727,5,SNBP,2022-08-23,True
728,728,3,SNBP,2021-08-27,True
729,729,5,Mandiri,2022-08-20,True
730,730,7,SNBT,2019-07-10,True
731,731,5,SNBT,2018-08-02,True
732,732,9,Mandiri,2019-08-22,True
733,733,1,SNBT,2020-08-26,True
734,734,8,SNBT,2019-08-02,True
735,735,5,SNBT,2019-07-11,True
736,736,3,SNBT,2021-07-10,True
737,737,7,SNBT,2023-07-19,True
738,738,3,Mandiri,2021-07-25,True
739,739,2,Mandiri,2018-08-05,True
740,740,7,SNBT,2023-07-24,True
741,741,1,SNBP,2020-08-03,True
742,742,6,Mandiri,2019-07-21,True
743,743,1,SNBP,2020-07-12,True
744,744,7,SNBT,2023-07-27,True
745,745,7,SNBT,2023-07-10,True
746,746,5,Mandiri,2022-08-11,True
747,747,7,SNBT,2023-07-01,True
748,748,1,Mandiri,2018-07-17,True
749,749,7,Mandiri,2019-07-06,True
750,750,5,SNBP,2022-07-08,True
751,751,1,SNBT,2020-07-02,True
752,752,3,SNBP,2021-07-27,True
753,753,1,Mandiri,2020-08-05,True
754,754,7,Mandiri,2023-08-28,True
755,755,1,SNBP,2020-07-17,True
756,756,7,SNBP,2018-07-04,True
757,757,10,Mandiri,2019-07-27,True
758,758,5,SNBT,2022-08-26,True
759,759,6,SNBT,2018-07-10,True
760,760,1,SNBP,2020-07-04,True
761,761,5,SNBP,2022-08-13,True
762,762,5,SNBT,2019-07-14,True
763,763,9,SNBP,2019-08-23,True
764,764,7,SNBT,2023-07-13,True
765,765,7,SNBP,2023-08-24,True
766,766,5,SNBT,2022-08-25,True
767,767,1,SNBT,2020-07-15,True
768,768,7,SNBP,2023-07-13,True
769,769,5,Mandiri,2022-08-12,True
770,770,1,SNBT,2020-07-21,True
771,771,1,SNBT,2020-07-26,True
772,772,2,SNBP,2019-07-07,True
773,773,5,Mandiri,2022-08-19,True
774,774,4,SNBP,2019-08-20,True
775,775,1,Mandiri,2020-07-02,True
776,776,7,Mandiri,2023-08-14,True
777,777,5,SNBT,2022-08-27,True
778,778,3,SNBP,2018-08-28,True
779,779,1,SNBP,2019-07-25,True
780,780,5,SNBT,2022-08-18,True
781,781,1,SNBT,2020-07-11,True
782,782,5,SNBT,2022-08-17,True
783,783,9,Mandiri,2019-07-04,True
784,784,5,SNBT,2022-07-13,True
785,785,3,SNBP,2021-07-06,True
786,786,7,SNBT,2023-07-06,True
787,787,4,SNBT,2019-07-02,True
788,788,7,SNBT,2018-08-05,True
789,789,5,Mandiri,2022-08-13,True
790,790,5,SNBP,2022-07-14,True
791,791,7,Beasiswa,2023-08-17,True
792,792,6,SNBT,2018-08-19,True
793,793,1,SNBT,2020-07-10,True
794,794,7,SNBT,2023-07-26,True
795,795,5,SNBT,2022-08-17,True
796,796,3,SNBT,2021-08-15,True
797,797,4,Mandiri,2018-07-06,True
798,798,7,SNBT,2023-08-01,True
799,799,6,SNBT,2019-07-16,True
800,800,5,SNBP,2022-07-10,True
801,801,5,Mandiri,2022-07-23,True
802,802,1,SNBP,2020-08-11,True
803,803,1,SNBP,2020-08-20,True
804,804,7,SNBP,2023-08-21,True
805,805,9,Mandiri,2019-08-21,True
806,806,7,SNBP,2023-07-09,True
807,807,3,SNBP,2021-08-19,True
808,808,3,Mandiri,2021-08-20,True
809,809,7,Mandiri,2019-07-03,True
810,810,10,SNBP,2019-07-09,True
811,811,3,SNBP,2019-07-05,True
812,812,3,Mandiri,2021-08-11,True
813,813,10,Mandiri,2019-08-26,True
814,814,5,Mandiri,2022-08-07,True
815,815,1,SNBP,2020-07-07,True
816,816,7,SNBP,2023-07-05,True
817,817,3,SNBT,2019-07-11,True
818,818,3,SNBP,2021-07-05,True
819,819,9,Mandiri,2019-08-22,True
820,820,3,SNBT,2021-08-17,True
821,821,3,Mandiri,2021-07-18,True
822,822,5,SNBT,2022-08-23,True
823,823,5,SNBT,2022-08-27,True
824,824,1,SNBT,2020-07-20,True
825,825,7,Mandiri,2023-07-21,True
826,826,7,Mandiri,2023-07-27,True
827,827,3,SNBT,2021-08-16,True
828,828,3,SNBT,2021-08-22,True
829,829,7,SNBP,2023-08-21,True
830,830,7,SNBT,2023-07-28,True
831,831,7,SNBT,2023-08-25,True
832,832,6,Mandiri,2019-07-20,True
833,833,9,Mandiri,2019-07-13,True
834,834,7,SNBT,2023-07-07,True
835,835,5,SNBT,2022-07-01,True
836,836,5,SNBT,2022-08-04,True
837,837,5,Mandiri,2022-08-17,True
838,838,5,Mandiri,2022-08-02,True
839,839,5,SNBT,2018-08-02,True
840,840,5,SNBP,2018-07-19,True
841,841,1,Mandiri,2019-08-20,True
842,842,3,SNBT,2021-08-06,True
843,843,3,SNBT,2021-07-02,True
844,844,6,SNBP,2019-07-23,True
845,845,5,Mandiri,2022-07-03,True
846,846,7,Mandiri,2018-07-02,True
847,847,3,SNBT,2021-07-11,True
848,848,5,SNBP,2022-08-28,True
849,849,3,SNBP,2021-07-11,True
850,850,6,Mandiri,2018-07-19,True
851,851,5,Mandiri,2022-08-17,True
852,852,5,SNBP,2022-08-14,True
853,853,1,Mandiri,2020-07-03,True
854,854,4,Mandiri,2018-07-24,True
855,855,5,SNBP,2019-08-02,True
856,856,5,SNBT,2018-08-06,True
857,857,3,SNBT,2021-07-10,True
858,858,5,SNBP,2022-08-04,True
859,859,1,SNBT,2020-07-19,True
860,860,7,Mandiri,2023-07-04,True
861,861,5,Mandiri,2022-07-24,True
862,862,1,SNBP,2020-08-19,True
863,863,1,SNBT,2020-07-25,True
864,864,3,Mandiri,2019-07-21,True
865,865,6,SNBT,2019-07-10,True
866,866,4,Mandiri,2019-07-10,True
867,867,3,SNBP,2021-08-06,True
868,868,5,SNBP,2018-08-14,True
869,869,7,SNBP,2023-07-09,True
870,870,1,Mandiri,2020-07-10,True
871,871,7,SNBP,2023-08-09,True
872,872,2,SNBT,2018-08-12,True
873,873,5,Mandiri,2022-08-27,True
874,874,5,SNBT,2022-07-02,True
875,875,5,Mandiri,2022-08-05,True
876,876,7,SNBT,2023-07-23,True
877,877,3,SNBT,2021-08-07,True
878,878,5,SNBT,2022-08-03,True
879,879,3,SNBT,2021-07-09,True
880,880,3,SNBP,2021-08-02,True
881,881,2,SNBT,2019-07-16,True
882,882,3,SNBP,2021-08-12,True
883,883,3,SNBT,2021-07-11,True
884,884,2,SNBT,2019-07-06,True
885,885,3,SNBT,2021-08-11,True
886,886,3,SNBT,2021-07-06,True
887,887,3,Mandiri,2021-08-06,True
888,888,3,SNBT,2021-07-25,True
889,889,7,SNBP,2023-08-19,True
890,890,1,SNBT,2020-08-24,True
891,891,7,SNBT,2023-07-09,True
892,892,6,SNBT,2018-08-22,True
893,893,7,SNBT,2019-07-25,True
894,894,9,SNBP,2019-08-25,True
895,895,3,SNBP,2021-08-19,True
896,896,1,SNBP,2019-07-10,True
897,897,7,Mandiri,2023-07-19,True
898,898,3,Mandiri,2021-07-22,True
899,899,3,SNBT,2021-07-03,True
900,900,1,SNBT,2020-07-26,True
901,901,6,SNBT,2018-07-15,True
902,902,1,SNBT,2019-07-06,True
903,903,5,SNBT,2022-07-06,True
904,904,3,SNBP,2021-07-14,True
905,905,7,SNBP,2023-07-05,True
906,906,5,SNBT,2022-08-01,True
907,907,7,SNBT,2023-08-04,True
908,908,8,SNBT,2019-08-23,True
909,909,4,Mandiri,2019-08-27,True
910,910,5,SNBT,2022-07-25,True
911,911,3,Mandiri,2021-08-05,True
912,912,1,SNBT,2020-07-13,True
913,913,7,Mandiri,2023-08-27,True
914,914,5,SNBT,2022-08-20,True
915,915,1,SNBT,2020-07-12,True
916,916,8,SNBT,2019-07-08,True
917,917,5,Mandiri,2022-07-25,True
918,918,1,SNBP,2020-08-11,True
919,919,5,SNBT,2022-07-20,True
920,920,3,SNBT,2021-08-03,True
921,921,4,SNBP,2019-07-02,True
922,922,4,SNBT,2019-07-11,True
923,923,3,SNBT,2021-07-14,True
924,924,1,SNBP,2020-08-13,True
925,925,8,SNBP,2018-08-06,True
926,926,1,SNBP,2020-07-15,True
927,927,7,Mandiri,2023-08-22,True
928,928,5,Mandiri,2022-08-26,True
929,929,5,Mandiri,2022-07-11,True
930,930,3,SNBP,2021-08-22,True
931,931,7,SNBT,2023-08-21,True
932,932,5,Beasiswa,2022-08-14,True
933,933,5,Mandiri,2022-08-14,True
934,934,3,SNBP,2021-07-20,True
935,935,7,Mandiri,2023-08-17,True
936,936,7,SNBT,2023-08-23,True
937,937,6,Mandiri,2018-08-04,True
938,938,3,Beasiswa,2019-08-28,True
939,939,2,SNBP,2019-08-23,True
940,940,5,SNBT,2022-07-17,True
941,941,10,Mandiri,2018-08-14,True
942,942,3,SNBP,2021-08-02,True
943,943,1,SNBP,2020-08-15,True
944,944,5,SNBT,2022-08-09,True
945,945,5,SNBT,2022-08-25,True
946,946,1,SNBT,2018-07-10,True
947,947,1,SNBT,2020-07-15,True
948,948,6,SNBP,2019-07-20,True
949,949,2,SNBT,2018-07-18,True
950,950,7,SNBP,2019-07-18,True
951,951,3,SNBP,2021-07-21,True
952,952,8,SNBT,2018-08-12,True
953,953,8,SNBT,2018-07-27,True
954,954,7,Mandiri,2023-08-02,True
955,955,3,SNBP,2021-08-02,True
956,956,7,SNBP,2023-07-13,True
957,957,1,SNBT,2020-07-11,True
958,958,5,SNBT,2018-07-06,True
959,959,3,Beasiswa,2021-08-24,True
960,960,1,SNBT,2020-07-27,True
961,961,1,Mandiri,2020-07-26,True
962,962,3,SNBP,2021-08-10,True
963,963,10,SNBT,2019-07-23,True
964,964,7,Mandiri,2023-08-19,True
965,965,8,SNBP,2019-08-09,True
966,966,3,SNBP,2019-07-20,True
967,967,7,SNBT,2023-07-22,True
968,968,5,SNBP,2019-08-07,True
969,969,1,Mandiri,2019-07-09,True
970,970,5,SNBT,2018-08-04,True
971,971,4,SNBP,2019-08-08,True
972,972,1,SNBP,2020-08-24,True
973,973,10,Mandiri,2018-08-21,True
974,974,10,SNBT,2018-08-16,True
975,975,3,Mandiri,2021-07-11,True
976,976,1,SNBT,2020-08-27,True
977,977,8,SNBP,2019-08-07,True
978,978,9,SNBT,2019-08-09,True
979,979,7,SNBT,2023-07-21,True
980,980,8,SNBT,2018-08-03,True
981,981,4,Mandiri,2019-08-10,True
982,982,5,SNBP,2022-08-15,True
983,983,8,SNBP,2019-07-20,True
984,984,6,SNBT,2019-08-25,True
985,985,3,SNBP,2021-08-18,True
986,986,3,Mandiri,2021-07-13,True
987,987,3,Mandiri,2021-07-13,True
988,988,10,Mandiri,2019-07-04,True
989,989,3,SNBT,2021-07-04,True
990,990,3,SNBT,2021-07-28,True
991,991,7,SNBP,2023-08-18,True
992,992,3,SNBT,2021-07-14,True
993,993,7,Mandiri,2023-08-11,True
994,994,5,Mandiri,2022-07-22,True
995,995,3,Mandiri,2021-08-17,True
996,996,5,SNBT,2022-08-08,True
997,997,7,Mandiri,2023-08-25,True
998,998,7,SNBT,2023-08-06,True
999,999,7,Mandiri,2023-07-13,True
1000,1000,1,SNBP,2020-08-25,True
1001,1001,3,SNBT,2021-07-22,True
1002,1002,2,SNBT,2018-08-14,True
1003,1003,7,SNBP,2019-07-20,True
1004,1004,5,SNBP,2022-07-20,True
1005,1005,3,SNBT,2021-08-01,True
1006,1006,6,SNBT,2019-07-19,True
1007,1007,3,SNBT,2021-07-12,True
1008,1008,5,SNBP,2022-08-18,True
1009,1009,1,SNBT,2020-07-28,True
1010,1010,3,SNBT,2019-07-06,True
1011,1011,7,SNBT,2023-07-11,True
1012,1012,3,SNBP,2019-07-07,True
1013,1013,3,SNBT,2021-08-08,True
1014,1014,7,SNBT,2023-08-08,True
1015,1015,5,Mandiri,2022-08-17,True
1016,1016,3,SNBT,2021-08-28,True
1017,1017,7,Mandiri,2023-07-08,True
1018,1018,1,SNBT,2020-07-01,True
1019,1019,7,Mandiri,2023-08-28,True
1020,1020,1,SNBT,2020-08-28,True
1021,1021,7,SNBP,2018-08-09,True
1022,1022,9,SNBP,2019-07-15,True
1023,1023,5,SNBT,2022-07-10,True
1024,1024,7,Mandiri,2018-07-12,True
1025,1025,1,SNBT,2020-08-14,True
1026,1026,2,SNBP,2019-08-25,True
1027,1027,7,Mandiri,2023-07-24,True
1028,1028,3,SNBT,2019-08-05,True
1029,1029,5,Mandiri,2022-08-07,True
1030,1030,3,SNBP,2021-08-21,True
1031,1031,2,SNBT,2019-08-25,True
1032,1032,3,SNBP,2021-08-11,True
1033,1033,1,SNBP,2020-08-11,True
1034,1034,3,Mandiri,2021-08-19,True
1035,1035,5,SNBP,2022-07-25,True
1036,1036,1,SNBP,2020-08-01,True
1037,1037,1,SNBP,2020-08-19,True
1038,1038,1,SNBT,2020-08-10,True
1039,1039,3,SNBT,2018-08-16,True
1040,1040,7,Mandiri,2023-08-05,True
1041,1041,1,Mandiri,2020-07-05,True
1042,1042,5,SNBT,2022-08-09,True
1043,1043,1,SNBT,2020-07-28,True
1044,1044,4,SNBT,2019-07-19,True
1045,1045,5,SNBP,2022-08-24,True
1046,1046,9,Mandiri,2019-08-16,True
1047,1047,3,SNBT,2021-07-12,True
1048,1048,3,SNBT,2019-08-17,True
1049,1049,6,SNBT,2019-08-21,True
1050,1050,3,Mandiri,2018-08-06,True
1051,1051,5,SNBT,2022-08-01,True
1052,1052,2,SNBT,2018-08-07,True
1053,1053,5,SNBP,2022-08-20,True
1054,1054,2,SNBT,2018-08-16,True
1055,1055,8,SNBT,2019-07-27,True
1056,1056,5,Mandiri,2022-07-24,True
1057,1057,5,SNBP,2022-07-13,True
1058,1058,7,SNBT,2023-08-17,True
1059,1059,3,SNBP,2021-07-26,True
1060,1060,5,SNBP,2022-07-08,True
1061,1061,3,SNBP,2021-07-23,True
1062,1062,5,Mandiri,2022-07-08,True
1063,1063,3,SNBT,2021-08-06,True
1064,1064,1,Beasiswa,2019-08-18,True
1065,1065,3,SNBP,2021-07-24,True
1066,1066,3,Mandiri,2021-07-05,True
1067,1067,3,SNBT,2021-07-07,True
1068,1068,4,SNBP,2018-08-15,True
1069,1069,2,SNBT,2019-07-11,True
1070,1070,7,Mandiri,2023-07-07,True
1071,1071,3,SNBT,2021-08-03,True
1072,1072,3,SNBT,2021-07-18,True
1073,1073,7,SNBT,2023-08-10,True
1074,1074,10,SNBP,2019-08-28,True
1075,1075,2,Mandiri,2018-08-25,True
1076,1076,5,SNBT,2022-08-01,True
1077,1077,5,Mandiri,2018-08-16,True
1078,1078,3,SNBT,2021-08-17,True
1079,1079,3,SNBT,2021-08-21,True
1080,1080,5,SNBP,2022-07-11,True
1081,1081,3,SNBP,2021-08-21,True
1082,1082,5,SNBT,2022-07-16,True
1083,1083,5,SNBP,2022-08-16,True
1084,1084,7,SNBP,2023-07-25,True
1085,1085,1,SNBT,2020-08-04,True
1086,1086,7,Mandiri,2023-08-11,True
1087,1087,1,SNBT,2020-07-07,True
1088,1088,3,Mandiri,2021-07-07,True
1089,1089,7,SNBT,2023-08-11,True
1090,1090,5,Mandiri,2022-08-04,True
1091,1091,5,Mandiri,2018-07-19,True
1092,1092,3,SNBT,2019-07-25,True
1093,1093,5,SNBT,2022-07-28,True
1094,1094,5,SNBP,2022-07-11,True
1095,1095,7,Beasiswa,2023-08-21,True
1096,1096,5,SNBT,2022-08-25,True
1097,1097,7,Mandiri,2023-07-09,True
1098,1098,8,Mandiri,2019-08-12,True
1099,1099,3,SNBT,2018-08-27,True
1100,1100,1,Mandiri,2020-08-10,True
1101,1101,1,SNBT,2020-08-25,True
1102,1102,3,SNBT,2021-08-02,True
1103,1103,3,Beasiswa,2021-08-21,True
1104,1104,3,Mandiri,2021-08-25,True
1105,1105,3,SNBP,2021-07-07,True
1106,1106,5,SNBP,2019-08-01,True
1107,1107,7,SNBT,2023-08-11,True
1108,1108,9,SNBT,2018-07-26,True
1109,1109,7,SNBP,2023-08-28,True
1110,1110,5,SNBP,2018-07-06,True
1111,1111,3,SNBT,2021-08-24,True
1112,1112,5,SNBT,2022-07-25,True
1113,1113,7,SNBT,2019-08-08,True
1114,1114,1,SNBP,2020-08-02,True
1115,1115,5,SNBP,2022-08-09,True
1116,1116,9,SNBT,2019-08-04,True
1117,1117,7,SNBT,2023-07-11,True
1118,1118,5,Beasiswa,2022-08-27,True
1119,1119,7,SNBP,2023-07-19,True
1120,1120,5,SNBT,2018-07-15,True
1121,1121,4,SNBT,2019-08-18,True
1122,1122,9,Mandiri,2018-07-05,True
1123,1123,1,Mandiri,2020-07-28,True
1124,1124,6,Beasiswa,2018-08-25,True
1125,1125,3,SNBT,2021-07-06,True
1126,1126,7,SNBT,2023-07-15,True
1127,1127,1,SNBT,2020-07-22,True
1128,1128,5,Beasiswa,2022-08-09,True
1129,1129,1,SNBT,2020-07-05,True
1130,1130,2,SNBT,2018-08-13,True
1131,1131,8,Mandiri,2018-07-17,True
1132,1132,3,SNBT,2021-08-02,True
1133,1133,5,Beasiswa,2022-08-26,True
1134,1134,1,SNBT,2020-08-19,True
1135,1135,3,SNBT,2021-07-24,True
1136,1136,1,SNBP,2020-07-18,True
1137,1137,1,Mandiri,2020-07-26,True
1138,1138,1,SNBT,2020-07-19,True
1139,1139,8,SNBT,2018-07-25,True
1140,1140,7,SNBP,2023-08-27,True
1141,1141,7,SNBP,2023-08-24,True
1142,1142,3,SNBT,2018-07-06,True
1143,1143,10,SNBT,2018-08-01,True
1144,1144,7,SNBT,2019-07-20,True
1145,1145,1,Mandiri,2020-07-01,True
1146,1146,4,SNBT,2019-07-09,True
1147,1147,7,Mandiri,2023-08-18,True
1148,1148,5,SNBT,2022-07-25,True
1149,1149,10,Mandiri,2019-07-07,True
1150,1150,3,SNBP,2018-07-04,True
1151,1151,3,SNBP,2021-07-25,True
1152,1152,3,SNBP,2021-08-03,True
1153,1153,6,Mandiri,2018-07-22,True
1154,1154,1,SNBP,2020-08-06,True
1155,1155,3,SNBT,2021-08-08,True
1156,1156,4,Mandiri,2018-07-05,True
1157,1157,5,Mandiri,2022-08-04,True
1158,1158,3,Mandiri,2021-08-01,True
1159,1159,1,SNBT,2020-07-13,True
1160,1160,1,SNBT,2019-08-07,True
1161,1161,5,SNBP,2022-08-19,True
1162,1162,2,SNBP,2019-07-17,True
1163,1163,3,Mandiri,2021-07-06,True
1164,1164,1,Mandiri,2020-07-16,True
1165,1165,1,Mandiri,2020-08-24,True
1166,1166,3,Beasiswa,2021-08-07,True
1167,1167,5,SNBP,2022-07-26,True
1168,1168,9,SNBT,2018-08-17,True
1169,1169,3,SNBP,2021-08-01,True
1170,1170,1,SNBT,2019-08-13,True
1171,1171,1,Beasiswa,2020-07-12,True
1172,1172,5,SNBT,2022-08-27,True
1173,1173,1,SNBP,2020-08-08,True
1174,1174,7,Beasiswa,2023-07-21,True
1175,1175,7,Mandiri,2018-07-09,True
1176,1176,7,Mandiri,2023-08-02,True
1177,1177,3,Mandiri,2019-07-19,True
1178,1178,3,SNBP,2021-07-05,True
1179,1179,3,SNBT,2021-07-02,True
1180,1180,1,SNBT,2020-07-28,True
1181,1181,1,Mandiri,2020-08-12,True
1182,1182,7,SNBT,2023-07-14,True
1183,1183,7,SNBP,2023-07-24,True
1184,1184,3,SNBT,2018-07-26,True
1185,1185,3,SNBP,2019-07-10,True
1186,1186,3,SNBT,2021-08-27,True
1187,1187,5,SNBT,2018-07-26,True
1188,1188,7,SNBP,2023-07-16,True
1189,1189,5,SNBP,2022-07-14,True
1190,1190,1,SNBT,2018-07-06,True
1191,1191,3,SNBP,2021-08-08,True
1192,1192,7,SNBP,2023-07-04,True
1193,1193,3,Beasiswa,2021-08-14,True
1194,1194,5,Mandiri,2022-08-05,True
1195,1195,3,Mandiri,2021-07-10,True
1196,1196,1,SNBT,2020-08-05,True
1197,1197,5,SNBT,2022-08-20,True
1198,1198,2,SNBT,2019-07-05,True
1199,1199,1,SNBP,2020-07-26,True
1200,1200,1,Mandiri,2020-07-22,True
1201,1201,3,SNBP,2021-07-23,True
1202,1202,7,SNBP,2019-07-08,True
1203,1203,4,SNBP,2018-08-11,True
1204,1204,8,SNBT,2019-08-25,True
1205,1205,3,Mandiri,2021-08-14,True
1206,1206,6,SNBT,2019-07-24,True
1207,1207,1,Mandiri,2020-08-21,True
1208,1208,1,SNBP,2020-07-06,True
1209,1209,1,SNBP,2019-07-27,True
1210,1210,4,SNBP,2018-08-01,True
1211,1211,10,SNBT,2018-08-07,True
1212,1212,10,SNBT,2018-07-15,True
1213,1213,7,SNBT,2023-08-04,True
1214,1214,7,Mandiri,2023-08-11,True
1215,1215,5,Beasiswa,2022-07-09,True
1216,1216,5,SNBT,2022-08-25,True
1217,1217,9,SNBT,2019-07-22,True
1218,1218,5,Mandiri,2022-08-03,True
1219,1219,5,Mandiri,2022-08-21,True
1220,1220,5,SNBP,2022-07-04,True
1221,1221,5,SNBP,2022-08-27,True
1222,1222,7,SNBP,2023-08-05,True
1223,1223,3,Mandiri,2021-08-15,True
1224,1224,7,SNBT,2023-07-28,True
1225,1225,7,Beasiswa,2023-07-13,True
1226,1226,1,Mandiri,2020-07-05,True
1227,1227,3,Mandiri,2021-07-25,True
1228,1228,3,SNBP,2021-08-17,True
1229,1229,3,SNBT,2021-07-19,True
1230,1230,7,Mandiri,2023-07-26,True
1231,1231,3,SNBT,2021-07-23,True
1232,1232,7,Mandiri,2023-07-12,True
1233,1233,5,SNBP,2022-07-21,True
1234,1234,10,SNBP,2018-07-18,True
1235,1235,1,Mandiri,2020-08-28,True
1236,1236,4,SNBP,2019-08-10,True
1237,1237,7,Mandiri,2019-08-16,True
1238,1238,3,SNBT,2021-07-24,True
1239,1239,3,Mandiri,2021-07-03,True
1240,1240,5,Mandiri,2019-08-07,True
1241,1241,3,Mandiri,2021-07-02,True
1242,1242,7,Mandiri,2023-07-05,True
1243,1243,5,SNBT,2022-07-25,True
1244,1244,4,SNBT,2019-07-21,True
1245,1245,7,SNBT,2018-07-08,True
1246,1246,6,SNBP,2019-08-05,True
1247,1247,5,Mandiri,2022-07-24,True
1248,1248,10,Mandiri,2018-07-07,True
1249,1249,3,SNBT,2021-08-25,True
1250,1250,1,SNBT,2020-07-17,True
1251,1251,3,SNBT,2021-07-25,True
1252,1252,7,SNBT,2023-08-08,True
1253,1253,8,SNBP,2019-07-18,True
1254,1254,10,SNBT,2019-07-25,True
1255,1255,1,Mandiri,2020-08-09,True
1256,1256,1,SNBT,2018-08-04,True
1257,1257,8,SNBT,2019-07-23,True
1258,1258,8,Mandiri,2019-07-17,True
1259,1259,5,SNBP,2022-08-08,True
1260,1260,7,Mandiri,2023-08-27,True
1261,1261,5,Mandiri,2022-08-14,True
1262,1262,5,SNBP,2022-07-28,True
1263,1263,1,Mandiri,2020-08-09,True
1264,1264,3,SNBT,2021-08-14,True
1265,1265,7,SNBT,2023-08-12,True
1266,1266,7,SNBP,2023-07-23,True
1267,1267,8,SNBP,2018-08-08,True
1268,1268,10,SNBT,2018-08-04,True
1269,1269,3,Beasiswa,2021-08-18,True
1270,1270,7,SNBT,2023-08-20,True
1271,1271,3,SNBT,2021-08-02,True
1272,1272,10,SNBP,2019-07-19,True
1273,1273,2,SNBP,2019-07-12,True
1274,1274,3,SNBT,2021-08-27,True
1275,1275,7,Mandiri,2018-07-12,True
1276,1276,3,SNBT,2021-08-28,True
1277,1277,8,SNBT,2018-07-13,True
1278,1278,5,Mandiri,2022-08-22,True
1279,1279,7,Mandiri,2023-07-19,True
1280,1280,1,SNBP,2020-08-04,True
1281,1281,3,SNBP,2021-08-26,True
1282,1282,1,SNBP,2020-08-28,True
1283,1283,1,Mandiri,2020-08-27,True
1284,1284,6,SNBT,2018-07-09,True
1285,1285,8,Mandiri,2018-08-15,True
1286,1286,1,SNBT,2020-08-25,True
1287,1287,5,Mandiri,2022-07-18,True
1288,1288,9,SNBT,2018-08-25,True
1289,1289,1,SNBT,2020-07-28,True
1290,1290,5,SNBT,2022-07-11,True
1291,1291,5,SNBT,2022-07-11,True
1292,1292,5,Mandiri,2022-07-24,True
1293,1293,3,SNBP,2021-08-11,True
1294,1294,1,SNBT,2020-07-25,True
1295,1295,7,SNBP,2018-08-12,True
1296,1296,7,SNBT,2023-08-12,True
1297,1297,3,Beasiswa,2019-08-01,True
1298,1298,5,SNBP,2022-08-17,True
1299,1299,5,Mandiri,2022-08-25,True
1300,1300,1,SNBT,2020-07-13,True
1301,1301,10,SNBT,2018-07-03,True
1302,1302,1,SNBP,2020-08-28,True
1303,1303,5,SNBP,2019-08-18,True
1304,1304,5,SNBT,2022-07-13,True
1305,1305,2,Mandiri,2019-08-20,True
1306,1306,10,Beasiswa,2018-08-08,True
1307,1307,3,SNBT,2021-07-08,True
1308,1308,1,SNBT,2020-08-01,True
1309,1309,1,SNBT,2020-07-08,True
1310,1310,4,SNBT,2018-07-05,True
1311,1311,1,SNBP,2020-07-01,True
1312,1312,10,SNBT,2018-08-14,True
1313,1313,1,SNBT,2020-07-14,True
1314,1314,5,SNBP,2022-08-21,True
1315,1315,10,Mandiri,2019-08-24,True
1316,1316,5,SNBP,2022-08-26,True
1317,1317,5,Mandiri,2022-08-12,True
1318,1318,7,SNBT,2023-07-11,True
1319,1319,9,SNBT,2019-07-11,True
1320,1320,5,Mandiri,2022-07-26,True
1321,1321,3,SNBT,2021-07-04,True
1322,1322,7,Beasiswa,2023-08-18,True
1323,1323,7,SNBT,2023-07-24,True
1324,1324,6,Mandiri,2019-07-15,True
1325,1325,1,SNBP,2020-07-15,True
1326,1326,3,SNBT,2021-08-19,True
1327,1327,3,SNBT,2021-07-01,True
1328,1328,1,SNBT,2020-07-12,True
1329,1329,1,SNBT,2020-07-03,True
1330,1330,1,SNBT,2020-07-24,True
1331,1331,1,SNBP,2020-08-24,True
1332,1332,1,Mandiri,2019-08-14,True
1333,1333,1,Mandiri,2020-07-13,True
1334,1334,3,SNBP,2021-08-10,True
1335,1335,3,SNBT,2021-08-11,True
1336,1336,1,SNBP,2020-08-05,True
1337,1337,9,Beasiswa,2019-08-28,True
1338,1338,5,SNBP,2022-07-23,True
1339,1339,7,Mandiri,2023-07-25,True
1340,1340,7,Beasiswa,2023-07-17,True
1341,1341,5,SNBT,2022-07-24,True
1342,1342,1,SNBP,2020-07-27,True
1343,1343,3,SNBP,2019-08-24,True
1344,1344,2,SNBT,2018-07-13,True
1345,1345,10,Mandiri,2018-08-26,True
1346,1346,7,SNBT,2019-08-05,True
1347,1347,5,Mandiri,2022-07-04,True
1348,1348,5,SNBT,2019-08-09,True
1349,1349,3,SNBT,2021-07-09,True
1350,1350,7,SNBP,2019-08-21,True
1351,1351,1,SNBT,2020-08-15,True
1352,1352,5,Mandiri,2022-08-01,True
1353,1353,3,Mandiri,2021-07-18,True
1354,1354,1,SNBP,2020-08-04,True
1355,1355,3,SNBP,2019-07-01,True
1356,1356,3,SNBT,2021-08-01,True
1357,1357,7,Mandiri,2023-08-28,True
1358,1358,3,SNBP,2021-07-07,True
1359,1359,5,SNBT,2022-08-06,True
1360,1360,9,SNBP,2019-08-04,True
1361,1361,3,Mandiri,2021-07-20,True
1362,1362,6,SNBT,2018-08-23,True
1363,1363,3,Mandiri,2021-07-17,True
1364,1364,3,Mandiri,2019-08-01,True
1365,1365,10,SNBP,2019-07-26,True
1366,1366,7,Mandiri,2023-08-04,True
1367,1367,1,SNBT,2020-07-19,True
1368,1368,3,SNBT,2021-07-16,True
1369,1369,3,SNBP,2021-07-20,True
1370,1370,6,Mandiri,2019-08-26,True
1371,1371,3,SNBT,2021-07-22,True
1372,1372,9,SNBP,2019-07-12,True
1373,1373,5,SNBP,2022-08-07,True
1374,1374,5,Mandiri,2022-07-12,True
1375,1375,1,Mandiri,2019-08-26,True
1376,1376,7,Mandiri,2023-07-28,True
1377,1377,9,SNBP,2019-08-17,True
1378,1378,10,SNBT,2018-08-25,True
1379,1379,9,SNBT,2018-08-11,True
1380,1380,7,SNBP,2023-07-10,True
1381,1381,7,Mandiri,2023-08-13,True
1382,1382,3,SNBT,2021-07-16,True
1383,1383,5,SNBP,2022-07-11,True
1384,1384,9,SNBT,2019-08-10,True
1385,1385,8,Beasiswa,2019-08-25,True
1386,1386,7,SNBT,2023-07-17,True
1387,1387,5,Mandiri,2022-07-03,True
1388,1388,7,SNBT,2023-07-21,True
1389,1389,7,SNBT,2023-07-18,True
1390,1390,5,SNBP,2022-08-13,True
1391,1391,7,SNBP,2023-07-27,True
1392,1392,7,Mandiri,2018-07-17,True
1393,1393,6,SNBT,2019-07-07,True
1394,1394,2,SNBT,2019-07-08,True
1395,1395,7,Mandiri,2023-07-23,True
1396,1396,3,SNBP,2021-07-19,True
1397,1397,10,SNBP,2019-08-07,True
1398,1398,5,Mandiri,2022-07-10,True
1399,1399,3,SNBP,2021-07-22,True
1400,1400,6,Beasiswa,2018-08-27,True
1401,1401,4,SNBT,2018-08-02,True
1402,1402,3,SNBP,2021-07-20,True
1403,1403,3,SNBT,2021-08-22,True
1404,1404,3,SNBT,2021-08-07,True
1405,1405,7,Mandiri,2023-08-14,True
1406,1406,1,SNBT,2019-08-13,True
1407,1407,7,SNBP,2023-07-27,True
1408,1408,1,Mandiri,2020-08-20,True
1409,1409,1,SNBT,2018-08-02,True
1410,1410,5,SNBT,2022-08-05,True
1411,1411,7,SNBT,2023-07-03,True
1412,1412,5,SNBT,2022-07-06,True
1413,1413,8,SNBP,2018-08-06,True
1414,1414,7,Mandiri,2023-08-22,True
1415,1415,7,SNBP,2018-08-10,True
1416,1416,7,Mandiri,2023-08-04,True
1417,1417,7,Mandiri,2023-08-27,True
1418,1418,4,Beasiswa,2018-08-07,True
1419,1419,7,SNBP,2023-07-16,True
1420,1420,7,SNBT,2023-07-08,True
1421,1421,1,Mandiri,2018-07-03,True
1422,1422,3,Mandiri,2021-07-08,True
1423,1423,7,SNBT,2018-08-24,True
1424,1424,1,SNBP,2020-07-22,True
1425,1425,1,Mandiri,2020-07-25,True
1426,1426,3,SNBP,2021-08-02,True
1427,1427,7,SNBT,2023-07-11,True
1428,1428,5,Mandiri,2022-08-06,True
1429,1429,3,SNBT,2021-07-21,True
1430,1430,1,SNBT,2018-07-10,True
1431,1431,9,SNBP,2019-07-21,True
1432,1432,3,SNBP,2021-08-01,True
1433,1433,5,Mandiri,2022-07-27,True
1434,1434,7,SNBP,2023-08-18,True
1435,1435,7,SNBP,2023-08-02,True
1436,1436,2,SNBT,2018-08-17,True
1437,1437,9,SNBP,2019-07-24,True
1438,1438,5,Mandiri,2022-08-02,True
1439,1439,5,SNBP,2022-07-22,True
1440,1440,7,SNBP,2023-08-01,True
1441,1441,1,SNBT,2020-08-25,True
1442,1442,7,SNBT,2023-07-25,True
1443,1443,3,SNBT,2021-07-01,True
1444,1444,3,SNBT,2021-08-19,True
1445,1445,7,SNBP,2018-08-15,True
1446,1446,1,Mandiri,2020-07-22,True
1447,1447,8,SNBT,2019-08-21,True
1448,1448,1,SNBT,2020-07-15,True
1449,1449,9,Mandiri,2018-07-05,True
1450,1450,7,SNBP,2023-07-13,True
1451,1451,1,Beasiswa,2020-07-12,True
1452,1452,1,Mandiri,2020-08-26,True
1453,1453,7,SNBP,2023-07-15,True
1454,1454,7,Mandiri,2019-07-13,True
1455,1455,3,SNBP,2021-08-07,True
1456,1456,7,SNBT,2019-08-15,True
1457,1457,1,Mandiri,2020-08-13,True
1458,1458,7,SNBT,2023-08-11,True
1459,1459,7,SNBP,2019-07-08,True
1460,1460,4,Mandiri,2019-07-28,True
1461,1461,1,Mandiri,2020-08-15,True
1462,1462,3,SNBT,2021-08-12,True
1463,1463,5,SNBP,2018-07-16,True
1464,1464,2,SNBT,2019-08-10,True
1465,1465,7,Mandiri,2023-08-02,True
1466,1466,7,SNBP,2023-08-18,True
1467,1467,1,Mandiri,2020-08-17,True
1468,1468,7,SNBT,2023-08-01,True
1469,1469,3,SNBT,2021-08-19,True
1470,1470,3,SNBP,2019-07-21,True
1471,1471,5,SNBT,2022-07-05,True
1472,1472,5,SNBT,2022-08-08,True
1473,1473,3,Mandiri,2018-08-11,True
1474,1474,3,SNBT,2021-07-22,True
1475,1475,2,Mandiri,2019-07-01,True
1476,1476,1,Mandiri,2019-07-11,True
1477,1477,2,SNBT,2019-08-07,True
1478,1478,5,Mandiri,2022-07-10,True
1479,1479,2,SNBT,2018-08-19,True
1480,1480,8,SNBT,2018-07-10,True
1481,1481,5,SNBP,2018-07-05,True
1482,1482,5,SNBP,2022-07-18,True
1483,1483,3,Mandiri,2021-08-06,True
1484,1484,7,SNBT,2023-08-23,True
1485,1485,1,Beasiswa,2020-07-04,True
1486,1486,3,Mandiri,2018-07-25,True
1487,1487,5,SNBP,2022-08-16,True
1488,1488,1,SNBT,2020-07-25,True
1489,1489,1,SNBP,2020-08-15,True
1490,1490,3,SNBT,2021-07-15,True
1491,1491,7,Mandiri,2023-08-22,True
1492,1492,10,SNBT,2018-08-03,True
1493,1493,7,Mandiri,2023-07-06,True
1494,1494,5,SNBP,2022-08-22,True
1495,1495,1,SNBT,2020-07-04,True
1496,1496,4,Beasiswa,2018-08-10,True
1497,1497,5,Mandiri,2022-07-12,True
1498,1498,7,SNBT,2023-08-01,True
1499,1499,3,SNBT,2021-08-06,True
1500,1500,7,SNBT,2023-08-07,True
